participant_id	age	sex
sub-0001	n/a	n/a
sub-0002	n/a	n/a
sub-0003	n/a	n/a
sub-0004	n/a	n/a
sub-0005	n/a	n/a
sub-0006	n/a	n/a
sub-0007	n/a	n/a
sub-0008	n/a	n/a
sub-0009	n/a	n/a
sub-0010	n/a	n/a
sub-0011	n/a	n/a
sub-0012	n/a	n/a
sub-0013	n/a	n/a
sub-0014	n/a	n/a
sub-0015	n/a	n/a
sub-0016	n/a	n/a
sub-0017	n/a	n/a
sub-0018	n/a	n/a
sub-0019	n/a	n/a
sub-0020	n/a	n/a
sub-0021	n/a	n/a
sub-0022	n/a	n/a
sub-0023	n/a	n/a
sub-0024	n/a	n/a
sub-0025	n/a	n/a
sub-0026	n/a	n/a
sub-0027	n/a	n/a
sub-0028	n/a	n/a
sub-0029	n/a	n/a
sub-0030	n/a	n/a
sub-0031	n/a	n/a
sub-0032	n/a	n/a
sub-0033	n/a	n/a
sub-0034	n/a	n/a
sub-0035	n/a	n/a
sub-0036	n/a	n/a
sub-0037	n/a	n/a
sub-0038	n/a	n/a
sub-0039	n/a	n/a
sub-0040	n/a	n/a
sub-0041	n/a	n/a
sub-0042	n/a	n/a
sub-0043	n/a	n/a
sub-0044	n/a	n/a
sub-0045	n/a	n/a
sub-0046	n/a	n/a
sub-0047	n/a	n/a
sub-0048	n/a	n/a
sub-0049	n/a	n/a
sub-0050	n/a	n/a
sub-0051	n/a	n/a
sub-0052	n/a	n/a
sub-0053	n/a	n/a
sub-0054	n/a	n/a
sub-0055	n/a	n/a
sub-0056	n/a	n/a
sub-0057	n/a	n/a
sub-0058	n/a	n/a
sub-0059	n/a	n/a
sub-0060	n/a	n/a
sub-0061	n/a	n/a
sub-0062	n/a	n/a
sub-0063	n/a	n/a
sub-0064	n/a	n/a
sub-0065	n/a	n/a
sub-0066	n/a	n/a
sub-0067	n/a	n/a
sub-0068	n/a	n/a
sub-0069	n/a	n/a
sub-0070	n/a	n/a
sub-0071	n/a	n/a
sub-0072	n/a	n/a
sub-0073	n/a	n/a
sub-0074	n/a	n/a
sub-0075	n/a	n/a
sub-0076	n/a	n/a
sub-0077	n/a	n/a
sub-0078	n/a	n/a
sub-0079	n/a	n/a
sub-0080	n/a	n/a
sub-0081	n/a	n/a
sub-0082	n/a	n/a
sub-0083	n/a	n/a
sub-0084	n/a	n/a
sub-0085	n/a	n/a
sub-0086	n/a	n/a
sub-0087	n/a	n/a
sub-0088	n/a	n/a
sub-0089	n/a	n/a
sub-0090	n/a	n/a
sub-0091	n/a	n/a
sub-0092	n/a	n/a
sub-0093	n/a	n/a
sub-0094	n/a	n/a
sub-0095	n/a	n/a
sub-0096	n/a	n/a
sub-0097	n/a	n/a
sub-0098	n/a	n/a
sub-0099	n/a	n/a
sub-0100	n/a	n/a
sub-0101	n/a	n/a
sub-0102	n/a	n/a
sub-0103	n/a	n/a
sub-0104	n/a	n/a
sub-0105	n/a	n/a
sub-0106	n/a	n/a
sub-0107	n/a	n/a
sub-0108	n/a	n/a
sub-0109	n/a	n/a
sub-0110	n/a	n/a
sub-0111	n/a	n/a
sub-0112	n/a	n/a
sub-0113	n/a	n/a
sub-0114	n/a	n/a
sub-0115	n/a	n/a
sub-0116	n/a	n/a
sub-0117	n/a	n/a
sub-0118	n/a	n/a
sub-0119	n/a	n/a
sub-0120	n/a	n/a
sub-0121	n/a	n/a
sub-0122	n/a	n/a
sub-0123	n/a	n/a
sub-0124	n/a	n/a
sub-0125	n/a	n/a
sub-0126	n/a	n/a
sub-0127	n/a	n/a
sub-0128	n/a	n/a
sub-0129	n/a	n/a
sub-0130	n/a	n/a
sub-0131	n/a	n/a
sub-0132	n/a	n/a
sub-0133	n/a	n/a
sub-0134	n/a	n/a
sub-0135	n/a	n/a
sub-0136	n/a	n/a
sub-0137	n/a	n/a
sub-0138	n/a	n/a
sub-0139	n/a	n/a
sub-0140	n/a	n/a
sub-0141	n/a	n/a
sub-0142	n/a	n/a
sub-0143	n/a	n/a
sub-0144	n/a	n/a
sub-0145	n/a	n/a
sub-0146	n/a	n/a
sub-0147	n/a	n/a
sub-0148	n/a	n/a
sub-0149	n/a	n/a
sub-0150	n/a	n/a
sub-0151	n/a	n/a
sub-0152	n/a	n/a
sub-0153	n/a	n/a
sub-0154	n/a	n/a
sub-0155	n/a	n/a
sub-0156	n/a	n/a
sub-0157	n/a	n/a
sub-0158	n/a	n/a
sub-0159	n/a	n/a
sub-0160	n/a	n/a
sub-0161	n/a	n/a
sub-0162	n/a	n/a
sub-0163	n/a	n/a
sub-0164	n/a	n/a
sub-0165	n/a	n/a
sub-0166	n/a	n/a
sub-0167	n/a	n/a
sub-0168	n/a	n/a
sub-0169	n/a	n/a
sub-0170	n/a	n/a
sub-0171	n/a	n/a
sub-0172	n/a	n/a
sub-0173	n/a	n/a
sub-0174	n/a	n/a
sub-0175	n/a	n/a
sub-0176	n/a	n/a
sub-0177	n/a	n/a
sub-0178	n/a	n/a
sub-0179	n/a	n/a
sub-0180	n/a	n/a
sub-0181	n/a	n/a
sub-0182	n/a	n/a
sub-0183	n/a	n/a
sub-0184	n/a	n/a
sub-0185	n/a	n/a
sub-0186	n/a	n/a
sub-0187	n/a	n/a
sub-0188	n/a	n/a
sub-0189	n/a	n/a
sub-0190	n/a	n/a
sub-0191	n/a	n/a
sub-0192	n/a	n/a
sub-0193	n/a	n/a
sub-0194	n/a	n/a
sub-0195	n/a	n/a
sub-0196	n/a	n/a
sub-0197	n/a	n/a
sub-0198	n/a	n/a
sub-0199	n/a	n/a
sub-0200	n/a	n/a
sub-0201	n/a	n/a
sub-0202	n/a	n/a
sub-0203	n/a	n/a
sub-0204	n/a	n/a
sub-0205	n/a	n/a
sub-0206	n/a	n/a
sub-0207	n/a	n/a
sub-0208	n/a	n/a
sub-0209	n/a	n/a
sub-0210	n/a	n/a
sub-0211	n/a	n/a
sub-0212	n/a	n/a
sub-0213	n/a	n/a
sub-0214	n/a	n/a
sub-0215	n/a	n/a
sub-0216	n/a	n/a
sub-0217	n/a	n/a
sub-0218	n/a	n/a
sub-0219	n/a	n/a
sub-0220	n/a	n/a
sub-0221	n/a	n/a
sub-0222	n/a	n/a
sub-0223	n/a	n/a
sub-0224	n/a	n/a
sub-0225	n/a	n/a
sub-0226	n/a	n/a
sub-0227	n/a	n/a
sub-0228	n/a	n/a
sub-0229	n/a	n/a
sub-0230	n/a	n/a
sub-0231	n/a	n/a
sub-0232	n/a	n/a
sub-0233	n/a	n/a
sub-0234	n/a	n/a
sub-0235	n/a	n/a
sub-0236	n/a	n/a
sub-0237	n/a	n/a
sub-0238	n/a	n/a
sub-0239	n/a	n/a
sub-0240	n/a	n/a
sub-0241	n/a	n/a
sub-0242	n/a	n/a
sub-0243	n/a	n/a
sub-0244	n/a	n/a
sub-0245	n/a	n/a
sub-0246	n/a	n/a
sub-0247	n/a	n/a
sub-0248	n/a	n/a
sub-0249	n/a	n/a
sub-0250	n/a	n/a
sub-0251	n/a	n/a
sub-0252	n/a	n/a
sub-0253	n/a	n/a
sub-0254	n/a	n/a
sub-0255	n/a	n/a
sub-0256	n/a	n/a
sub-0257	n/a	n/a
sub-0258	n/a	n/a
sub-0259	n/a	n/a
sub-0260	n/a	n/a
sub-0261	n/a	n/a
sub-0262	n/a	n/a
sub-0263	n/a	n/a
sub-0264	n/a	n/a
sub-0265	n/a	n/a
sub-0266	n/a	n/a
sub-0267	n/a	n/a
sub-0268	n/a	n/a
sub-0269	n/a	n/a
sub-0270	n/a	n/a
sub-0271	n/a	n/a
sub-0272	n/a	n/a
sub-0273	n/a	n/a
sub-0274	n/a	n/a
sub-0275	n/a	n/a
sub-0276	n/a	n/a
sub-0277	n/a	n/a
sub-0278	n/a	n/a
sub-0279	n/a	n/a
sub-0280	n/a	n/a
sub-0281	n/a	n/a
sub-0282	n/a	n/a
sub-0283	n/a	n/a
sub-0284	n/a	n/a
sub-0285	n/a	n/a
sub-0286	n/a	n/a
sub-0287	n/a	n/a
sub-0288	n/a	n/a
sub-0289	n/a	n/a
sub-0290	n/a	n/a
sub-0291	n/a	n/a
sub-0292	n/a	n/a
sub-0293	n/a	n/a
sub-0294	n/a	n/a
sub-0295	n/a	n/a
sub-0296	n/a	n/a
sub-0297	n/a	n/a
sub-0298	n/a	n/a
sub-0299	n/a	n/a
sub-0300	n/a	n/a
sub-0301	n/a	n/a
sub-0302	n/a	n/a
sub-0303	n/a	n/a
sub-0304	n/a	n/a
sub-0305	n/a	n/a
sub-0306	n/a	n/a
sub-0307	n/a	n/a
sub-0308	n/a	n/a
sub-0309	n/a	n/a
sub-0310	n/a	n/a
sub-0311	n/a	n/a
sub-0312	n/a	n/a
sub-0313	n/a	n/a
sub-0314	n/a	n/a
sub-0315	n/a	n/a
sub-0316	n/a	n/a
sub-0317	n/a	n/a
sub-0318	n/a	n/a
sub-0319	n/a	n/a
sub-0320	n/a	n/a
sub-0321	n/a	n/a
sub-0322	n/a	n/a
sub-0323	n/a	n/a
sub-0324	n/a	n/a
sub-0325	n/a	n/a
sub-0326	n/a	n/a
sub-0327	n/a	n/a
sub-0328	n/a	n/a
sub-0329	n/a	n/a
sub-0330	n/a	n/a
sub-0331	n/a	n/a
sub-0332	n/a	n/a
sub-0333	n/a	n/a
sub-0334	n/a	n/a
sub-0335	n/a	n/a
sub-0336	n/a	n/a
sub-0337	n/a	n/a
sub-0338	n/a	n/a
sub-0339	n/a	n/a
sub-0340	n/a	n/a
sub-0341	n/a	n/a
sub-0342	n/a	n/a
sub-0343	n/a	n/a
sub-0344	n/a	n/a
sub-0345	n/a	n/a
sub-0346	n/a	n/a
sub-0347	n/a	n/a
sub-0348	n/a	n/a
sub-0349	n/a	n/a
sub-0350	n/a	n/a
sub-0351	n/a	n/a
sub-0352	n/a	n/a
sub-0353	n/a	n/a
sub-0354	n/a	n/a
sub-0355	n/a	n/a
sub-0356	n/a	n/a
sub-0357	n/a	n/a
sub-0358	n/a	n/a
sub-0359	n/a	n/a
sub-0360	n/a	n/a
sub-0361	n/a	n/a
sub-0362	n/a	n/a
sub-0363	n/a	n/a
sub-0364	n/a	n/a
sub-0365	n/a	n/a
sub-0366	n/a	n/a
sub-0367	n/a	n/a
sub-0368	n/a	n/a
sub-0369	n/a	n/a
sub-0370	n/a	n/a
sub-0371	n/a	n/a
sub-0372	n/a	n/a
sub-0373	n/a	n/a
sub-0374	n/a	n/a
sub-0375	n/a	n/a
sub-0376	n/a	n/a
sub-0377	n/a	n/a
sub-0378	n/a	n/a
sub-0379	n/a	n/a
sub-0380	n/a	n/a
sub-0381	n/a	n/a
sub-0382	n/a	n/a
sub-0383	n/a	n/a
sub-0384	n/a	n/a
sub-0385	n/a	n/a
sub-0386	n/a	n/a
sub-0387	n/a	n/a
sub-0388	n/a	n/a
sub-0389	n/a	n/a
sub-0390	n/a	n/a
sub-0391	n/a	n/a
sub-0392	n/a	n/a
sub-0393	n/a	n/a
sub-0394	n/a	n/a
sub-0395	n/a	n/a
sub-0396	n/a	n/a
sub-0397	n/a	n/a
sub-0398	n/a	n/a
sub-0399	n/a	n/a
sub-0400	n/a	n/a
sub-0401	n/a	n/a
sub-0402	n/a	n/a
sub-0403	n/a	n/a
sub-0404	n/a	n/a
sub-0405	n/a	n/a
sub-0406	n/a	n/a
sub-0407	n/a	n/a
sub-0408	n/a	n/a
sub-0409	n/a	n/a
sub-0410	n/a	n/a
sub-0411	n/a	n/a
sub-0412	n/a	n/a
sub-0413	n/a	n/a
sub-0414	n/a	n/a
sub-0415	n/a	n/a
sub-0416	n/a	n/a
sub-0417	n/a	n/a
sub-0418	n/a	n/a
sub-0419	n/a	n/a
sub-0420	n/a	n/a
sub-0421	n/a	n/a
sub-0422	n/a	n/a
sub-0423	n/a	n/a
sub-0424	n/a	n/a
sub-0425	n/a	n/a
sub-0426	n/a	n/a
sub-0427	n/a	n/a
sub-0428	n/a	n/a
sub-0429	n/a	n/a
sub-0430	n/a	n/a
sub-0431	n/a	n/a
sub-0432	n/a	n/a
sub-0433	n/a	n/a
sub-0434	n/a	n/a
sub-0435	n/a	n/a
sub-0436	n/a	n/a
sub-0437	n/a	n/a
sub-0438	n/a	n/a
sub-0439	n/a	n/a
sub-0440	n/a	n/a
sub-0441	n/a	n/a
sub-0442	n/a	n/a
sub-0443	n/a	n/a
sub-0444	n/a	n/a
sub-0445	n/a	n/a
sub-0446	n/a	n/a
sub-0447	n/a	n/a
sub-0448	n/a	n/a
sub-0449	n/a	n/a
sub-0450	n/a	n/a
sub-0451	n/a	n/a
sub-0452	n/a	n/a
sub-0453	n/a	n/a
sub-0454	n/a	n/a
sub-0455	n/a	n/a
sub-0456	n/a	n/a
sub-0457	n/a	n/a
sub-0458	n/a	n/a
sub-0459	n/a	n/a
sub-0460	n/a	n/a
sub-0461	n/a	n/a
sub-0462	n/a	n/a
sub-0463	n/a	n/a
sub-0464	n/a	n/a
sub-0465	n/a	n/a
sub-0466	n/a	n/a
sub-0467	n/a	n/a
sub-0468	n/a	n/a
sub-0469	n/a	n/a
sub-0470	n/a	n/a
sub-0471	n/a	n/a
sub-0472	n/a	n/a
sub-0473	n/a	n/a
sub-0474	n/a	n/a
sub-0475	n/a	n/a
sub-0476	n/a	n/a
sub-0477	n/a	n/a
sub-0478	n/a	n/a
sub-0479	n/a	n/a
sub-0480	n/a	n/a
sub-0481	n/a	n/a
sub-0482	n/a	n/a
sub-0483	n/a	n/a
sub-0484	n/a	n/a
sub-0485	n/a	n/a
sub-0486	n/a	n/a
sub-0487	n/a	n/a
sub-0488	n/a	n/a
sub-0489	n/a	n/a
sub-0490	n/a	n/a
sub-0491	n/a	n/a
sub-0492	n/a	n/a
sub-0493	n/a	n/a
sub-0494	n/a	n/a
sub-0495	n/a	n/a
sub-0496	n/a	n/a
sub-0497	n/a	n/a
sub-0498	n/a	n/a
sub-0499	n/a	n/a
sub-0500	n/a	n/a
sub-0501	n/a	n/a
sub-0502	n/a	n/a
sub-0503	n/a	n/a
sub-0504	n/a	n/a
sub-0505	n/a	n/a
sub-0506	n/a	n/a
sub-0507	n/a	n/a
sub-0508	n/a	n/a
sub-0509	n/a	n/a
sub-0510	n/a	n/a
sub-0511	n/a	n/a
sub-0512	n/a	n/a
sub-0513	n/a	n/a
sub-0514	n/a	n/a
sub-0515	n/a	n/a
sub-0516	n/a	n/a
sub-0517	n/a	n/a
sub-0518	n/a	n/a
sub-0519	n/a	n/a
sub-0520	n/a	n/a
sub-0521	n/a	n/a
sub-0522	n/a	n/a
sub-0523	n/a	n/a
sub-0524	n/a	n/a
sub-0525	n/a	n/a
sub-0526	n/a	n/a
sub-0527	n/a	n/a
sub-0528	n/a	n/a
sub-0529	n/a	n/a
sub-0530	n/a	n/a
sub-0531	n/a	n/a
sub-0532	n/a	n/a
sub-0533	n/a	n/a
sub-0534	n/a	n/a
sub-0535	n/a	n/a
sub-0536	n/a	n/a
sub-0537	n/a	n/a
sub-0538	n/a	n/a
sub-0539	n/a	n/a
sub-0540	n/a	n/a
sub-1631	n/a	n/a
sub-1632	n/a	n/a
sub-1633	n/a	n/a
sub-1634	n/a	n/a
sub-1635	n/a	n/a
sub-1636	n/a	n/a
sub-1637	n/a	n/a
sub-1638	n/a	n/a
sub-1639	n/a	n/a
sub-1640	n/a	n/a
sub-1641	n/a	n/a
sub-1642	n/a	n/a
sub-1643	n/a	n/a
sub-1644	n/a	n/a
sub-1645	n/a	n/a
sub-1646	n/a	n/a
sub-1647	n/a	n/a
sub-1648	n/a	n/a
sub-1649	n/a	n/a
sub-1650	n/a	n/a
sub-1651	n/a	n/a
sub-1652	n/a	n/a
sub-1653	n/a	n/a
sub-1654	n/a	n/a
sub-1655	n/a	n/a
sub-1656	n/a	n/a
sub-1657	n/a	n/a
sub-1658	n/a	n/a
sub-1659	n/a	n/a
sub-1660	n/a	n/a
sub-1661	n/a	n/a
sub-1662	n/a	n/a
sub-1663	n/a	n/a
sub-1664	n/a	n/a
sub-1665	n/a	n/a
sub-1666	n/a	n/a
sub-1667	n/a	n/a
sub-1668	n/a	n/a
sub-1669	n/a	n/a
sub-1670	n/a	n/a
sub-1671	n/a	n/a
sub-1672	n/a	n/a
sub-1673	n/a	n/a
sub-1674	n/a	n/a
sub-1675	n/a	n/a
sub-1676	n/a	n/a
sub-1677	n/a	n/a
sub-1678	n/a	n/a
sub-1679	n/a	n/a
sub-1680	n/a	n/a
sub-1681	n/a	n/a
sub-1682	n/a	n/a
sub-1683	n/a	n/a
sub-1684	n/a	n/a
sub-1685	n/a	n/a
sub-1686	n/a	n/a
sub-1687	n/a	n/a
sub-1688	n/a	n/a
sub-1689	n/a	n/a
sub-1690	n/a	n/a
sub-1691	n/a	n/a
sub-1692	n/a	n/a
sub-1693	n/a	n/a
sub-1694	n/a	n/a
sub-1695	n/a	n/a
sub-1696	n/a	n/a
sub-1697	n/a	n/a
sub-1698	n/a	n/a
sub-1699	n/a	n/a
sub-1700	n/a	n/a
sub-1701	n/a	n/a
sub-1702	n/a	n/a
sub-1703	n/a	n/a
sub-1704	n/a	n/a
sub-1705	n/a	n/a
sub-1706	n/a	n/a
sub-1707	n/a	n/a
sub-1708	n/a	n/a
sub-1709	n/a	n/a
sub-1710	n/a	n/a
sub-1711	n/a	n/a
sub-1712	n/a	n/a
sub-1713	n/a	n/a
sub-1714	n/a	n/a
sub-1715	n/a	n/a
sub-1716	n/a	n/a
sub-1717	n/a	n/a
sub-1718	n/a	n/a
sub-1719	n/a	n/a
sub-1720	n/a	n/a
sub-1721	n/a	n/a
sub-1722	n/a	n/a
sub-1723	n/a	n/a
sub-1724	n/a	n/a
sub-1725	n/a	n/a
sub-1726	n/a	n/a
sub-1727	n/a	n/a
sub-1728	n/a	n/a
sub-1729	n/a	n/a
sub-1730	n/a	n/a
sub-1731	n/a	n/a
sub-1732	n/a	n/a
sub-1733	n/a	n/a
sub-1734	n/a	n/a
sub-1735	n/a	n/a
sub-1736	n/a	n/a
sub-1737	n/a	n/a
sub-1738	n/a	n/a
sub-1739	n/a	n/a
sub-1740	n/a	n/a
sub-1741	n/a	n/a
sub-1742	n/a	n/a
sub-1743	n/a	n/a
sub-1744	n/a	n/a
sub-1745	n/a	n/a
sub-1746	n/a	n/a
sub-1747	n/a	n/a
sub-1748	n/a	n/a
sub-1749	n/a	n/a
sub-1750	n/a	n/a
sub-1751	n/a	n/a
sub-1752	n/a	n/a
sub-1753	n/a	n/a
sub-1754	n/a	n/a
sub-1755	n/a	n/a
sub-1756	n/a	n/a
sub-1757	n/a	n/a
sub-1758	n/a	n/a
sub-1759	n/a	n/a
sub-1760	n/a	n/a
sub-1761	n/a	n/a
sub-1762	n/a	n/a
sub-1763	n/a	n/a
sub-1764	n/a	n/a
sub-1765	n/a	n/a
sub-1766	n/a	n/a
sub-1767	n/a	n/a
sub-1768	n/a	n/a
sub-1769	n/a	n/a
sub-1770	n/a	n/a
sub-1771	n/a	n/a
sub-1772	n/a	n/a
sub-1773	n/a	n/a
sub-1774	n/a	n/a
sub-1775	n/a	n/a
sub-1776	n/a	n/a
sub-1777	n/a	n/a
sub-1778	n/a	n/a
sub-1779	n/a	n/a
sub-1780	n/a	n/a
sub-1781	n/a	n/a
sub-1782	n/a	n/a
sub-1783	n/a	n/a
sub-1784	n/a	n/a
sub-1785	n/a	n/a
sub-1786	n/a	n/a
sub-1787	n/a	n/a
sub-1788	n/a	n/a
sub-1789	n/a	n/a
sub-1790	n/a	n/a
sub-1791	n/a	n/a
sub-1792	n/a	n/a
sub-1793	n/a	n/a
sub-1794	n/a	n/a
sub-1795	n/a	n/a
sub-1796	n/a	n/a
sub-1797	n/a	n/a
sub-1798	n/a	n/a
sub-1799	n/a	n/a
sub-1800	n/a	n/a
sub-1801	n/a	n/a
sub-1802	n/a	n/a
sub-1803	n/a	n/a
sub-1804	n/a	n/a
sub-1805	n/a	n/a
sub-1806	n/a	n/a
sub-1807	n/a	n/a
sub-1808	n/a	n/a
sub-1809	n/a	n/a
sub-1810	n/a	n/a
sub-1811	n/a	n/a
sub-1812	n/a	n/a
sub-1813	n/a	n/a
sub-1814	n/a	n/a
sub-1815	n/a	n/a
sub-1816	n/a	n/a
sub-1817	n/a	n/a
sub-1818	n/a	n/a
sub-1819	n/a	n/a
sub-1820	n/a	n/a
sub-1821	n/a	n/a
sub-1822	n/a	n/a
sub-1823	n/a	n/a
sub-1824	n/a	n/a
sub-1825	n/a	n/a
sub-1826	n/a	n/a
sub-1827	n/a	n/a
sub-1828	n/a	n/a
sub-1829	n/a	n/a
sub-1830	n/a	n/a
sub-1831	n/a	n/a
sub-1832	n/a	n/a
sub-1833	n/a	n/a
sub-1834	n/a	n/a
sub-1835	n/a	n/a
sub-1836	n/a	n/a
sub-1837	n/a	n/a
sub-1838	n/a	n/a
sub-1839	n/a	n/a
sub-1840	n/a	n/a
sub-1841	n/a	n/a
sub-1842	n/a	n/a
sub-1843	n/a	n/a
sub-1844	n/a	n/a
sub-1845	n/a	n/a
sub-1846	n/a	n/a
sub-1847	n/a	n/a
sub-1848	n/a	n/a
sub-1849	n/a	n/a
sub-1850	n/a	n/a
sub-1851	n/a	n/a
sub-1852	n/a	n/a
sub-1853	n/a	n/a
sub-1854	n/a	n/a
sub-1855	n/a	n/a
sub-1856	n/a	n/a
sub-1857	n/a	n/a
sub-1858	n/a	n/a
sub-1859	n/a	n/a
sub-1860	n/a	n/a
sub-1861	n/a	n/a
sub-1862	n/a	n/a
sub-1863	n/a	n/a
sub-1864	n/a	n/a
sub-1865	n/a	n/a
sub-1866	n/a	n/a
sub-1867	n/a	n/a
sub-1868	n/a	n/a
sub-1869	n/a	n/a
sub-1870	n/a	n/a
sub-1871	n/a	n/a
sub-1872	n/a	n/a
sub-1873	n/a	n/a
sub-1874	n/a	n/a
sub-1875	n/a	n/a
sub-1876	n/a	n/a
sub-1877	n/a	n/a
sub-1878	n/a	n/a
sub-1879	n/a	n/a
sub-1880	n/a	n/a
sub-1881	n/a	n/a
sub-1882	n/a	n/a
sub-1883	n/a	n/a
sub-1884	n/a	n/a
sub-1885	n/a	n/a
sub-1886	n/a	n/a
sub-1887	n/a	n/a
sub-1888	n/a	n/a
sub-1889	n/a	n/a
sub-1890	n/a	n/a
sub-1891	n/a	n/a
sub-1892	n/a	n/a
sub-1893	n/a	n/a
sub-1894	n/a	n/a
sub-1895	n/a	n/a
sub-1896	n/a	n/a
sub-1897	n/a	n/a
sub-1898	n/a	n/a
sub-1899	n/a	n/a
sub-1900	n/a	n/a
sub-1901	n/a	n/a
sub-1902	n/a	n/a
sub-1903	n/a	n/a
sub-1904	n/a	n/a
sub-1905	n/a	n/a
sub-1906	n/a	n/a
sub-1907	n/a	n/a
sub-1908	n/a	n/a
sub-1909	n/a	n/a
sub-1910	n/a	n/a
sub-1911	n/a	n/a
sub-1912	n/a	n/a
sub-1913	n/a	n/a
sub-1914	n/a	n/a
sub-1915	n/a	n/a
sub-1916	n/a	n/a
sub-1917	n/a	n/a
sub-1918	n/a	n/a
sub-1919	n/a	n/a
sub-1920	n/a	n/a
sub-1921	n/a	n/a
sub-1922	n/a	n/a
sub-1923	n/a	n/a
sub-1924	n/a	n/a
sub-1925	n/a	n/a
sub-1926	n/a	n/a
sub-1927	n/a	n/a
sub-1928	n/a	n/a
sub-1929	n/a	n/a
sub-1930	n/a	n/a
sub-1931	n/a	n/a
sub-1932	n/a	n/a
sub-1933	n/a	n/a
sub-1934	n/a	n/a
sub-1935	n/a	n/a
sub-1936	n/a	n/a
sub-1937	n/a	n/a
sub-1938	n/a	n/a
sub-1939	n/a	n/a
sub-1940	n/a	n/a
sub-1941	n/a	n/a
sub-1942	n/a	n/a
sub-1943	n/a	n/a
sub-1944	n/a	n/a
sub-1945	n/a	n/a
sub-1946	n/a	n/a
sub-1947	n/a	n/a
sub-1948	n/a	n/a
sub-1949	n/a	n/a
sub-1950	n/a	n/a
sub-1951	n/a	n/a
sub-1952	n/a	n/a
sub-1953	n/a	n/a
sub-1954	n/a	n/a
sub-1955	n/a	n/a
sub-1956	n/a	n/a
sub-1957	n/a	n/a
sub-1958	n/a	n/a
sub-1959	n/a	n/a
sub-1960	n/a	n/a
sub-1961	n/a	n/a
sub-1962	n/a	n/a
sub-1963	n/a	n/a
sub-1964	n/a	n/a
sub-1965	n/a	n/a
sub-1966	n/a	n/a
sub-1967	n/a	n/a
sub-1968	n/a	n/a
sub-1969	n/a	n/a
sub-1970	n/a	n/a
sub-1971	n/a	n/a
sub-1972	n/a	n/a
sub-1973	n/a	n/a
sub-1974	n/a	n/a
sub-1975	n/a	n/a
sub-1976	n/a	n/a
sub-1977	n/a	n/a
sub-1978	n/a	n/a
sub-1979	n/a	n/a
sub-1980	n/a	n/a
sub-1981	n/a	n/a
sub-1982	n/a	n/a
sub-1983	n/a	n/a
sub-1984	n/a	n/a
sub-1985	n/a	n/a
sub-1986	n/a	n/a
sub-1987	n/a	n/a
sub-1988	n/a	n/a
sub-1989	n/a	n/a
sub-1990	n/a	n/a
sub-1991	n/a	n/a
sub-1992	n/a	n/a
sub-1993	n/a	n/a
sub-1994	n/a	n/a
sub-1995	n/a	n/a
sub-1996	n/a	n/a
sub-1997	n/a	n/a
sub-1998	n/a	n/a
sub-1999	n/a	n/a
sub-2000	n/a	n/a
sub-2001	n/a	n/a
sub-2002	n/a	n/a
sub-2003	n/a	n/a
sub-2004	n/a	n/a
sub-2005	n/a	n/a
sub-2006	n/a	n/a
sub-2007	n/a	n/a
sub-2008	n/a	n/a
sub-2009	n/a	n/a
sub-2010	n/a	n/a
sub-2011	n/a	n/a
sub-2012	n/a	n/a
sub-2013	n/a	n/a
sub-2014	n/a	n/a
sub-2015	n/a	n/a
sub-2016	n/a	n/a
sub-2017	n/a	n/a
sub-2018	n/a	n/a
sub-2019	n/a	n/a
sub-2020	n/a	n/a
sub-2021	n/a	n/a
sub-2022	n/a	n/a
sub-2023	n/a	n/a
sub-2024	n/a	n/a
sub-2025	n/a	n/a
sub-2026	n/a	n/a
sub-2027	n/a	n/a
sub-2028	n/a	n/a
sub-2029	n/a	n/a
sub-2030	n/a	n/a
sub-2031	n/a	n/a
sub-2032	n/a	n/a
sub-2033	n/a	n/a
sub-2034	n/a	n/a
sub-2035	n/a	n/a
sub-2036	n/a	n/a
sub-2037	n/a	n/a
sub-2038	n/a	n/a
sub-2039	n/a	n/a
sub-2040	n/a	n/a
sub-2041	n/a	n/a
sub-2042	n/a	n/a
sub-2043	n/a	n/a
sub-2044	n/a	n/a
sub-2045	n/a	n/a
sub-2046	n/a	n/a
sub-2047	n/a	n/a
sub-2048	n/a	n/a
sub-2049	n/a	n/a
sub-2050	n/a	n/a
sub-2051	n/a	n/a
sub-2052	n/a	n/a
sub-2053	n/a	n/a
sub-2054	n/a	n/a
sub-2055	n/a	n/a
sub-2056	n/a	n/a
sub-2057	n/a	n/a
sub-2058	n/a	n/a
sub-2059	n/a	n/a
sub-2060	n/a	n/a
sub-2061	n/a	n/a
sub-2062	n/a	n/a
sub-2063	n/a	n/a
sub-2064	n/a	n/a
sub-2065	n/a	n/a
sub-2066	n/a	n/a
sub-2067	n/a	n/a
sub-2068	n/a	n/a
sub-2069	n/a	n/a
sub-2070	n/a	n/a
sub-2071	n/a	n/a
sub-2072	n/a	n/a
sub-2073	n/a	n/a
sub-2074	n/a	n/a
sub-2075	n/a	n/a
sub-2076	n/a	n/a
sub-2077	n/a	n/a
sub-2078	n/a	n/a
sub-2079	n/a	n/a
sub-2080	n/a	n/a
sub-2081	n/a	n/a
sub-2082	n/a	n/a
sub-2083	n/a	n/a
sub-2084	n/a	n/a
sub-2085	n/a	n/a
sub-2086	n/a	n/a
sub-2087	n/a	n/a
sub-2088	n/a	n/a
sub-2089	n/a	n/a
sub-2090	n/a	n/a
sub-2091	n/a	n/a
sub-2092	n/a	n/a
sub-2093	n/a	n/a
sub-2094	n/a	n/a
sub-2095	n/a	n/a
sub-2096	n/a	n/a
sub-2097	n/a	n/a
sub-2098	n/a	n/a
sub-2099	n/a	n/a
sub-2100	n/a	n/a
sub-2101	n/a	n/a
sub-2102	n/a	n/a
sub-2103	n/a	n/a
sub-2104	n/a	n/a
sub-2105	n/a	n/a
sub-2106	n/a	n/a
sub-2107	n/a	n/a
sub-2108	n/a	n/a
sub-2109	n/a	n/a
sub-2110	n/a	n/a
sub-2111	n/a	n/a
sub-2112	n/a	n/a
sub-2113	n/a	n/a
sub-2114	n/a	n/a
sub-2115	n/a	n/a
sub-2116	n/a	n/a
sub-2117	n/a	n/a
sub-2118	n/a	n/a
sub-2119	n/a	n/a
sub-2120	n/a	n/a
sub-2121	n/a	n/a
sub-2122	n/a	n/a
sub-2123	n/a	n/a
sub-2124	n/a	n/a
sub-2125	n/a	n/a
sub-2126	n/a	n/a
sub-2127	n/a	n/a
sub-2128	n/a	n/a
sub-2129	n/a	n/a
sub-2130	n/a	n/a
sub-2131	n/a	n/a
sub-2132	n/a	n/a
sub-2133	n/a	n/a
sub-2134	n/a	n/a
sub-2135	n/a	n/a
sub-2136	n/a	n/a
sub-2137	n/a	n/a
sub-2138	n/a	n/a
sub-2139	n/a	n/a
sub-2140	n/a	n/a
sub-2141	n/a	n/a
sub-2142	n/a	n/a
sub-2143	n/a	n/a
sub-2144	n/a	n/a
sub-2145	n/a	n/a
sub-2146	n/a	n/a
sub-2147	n/a	n/a
sub-2148	n/a	n/a
sub-2149	n/a	n/a
sub-2150	n/a	n/a
sub-2151	n/a	n/a
sub-2152	n/a	n/a
sub-2153	n/a	n/a
sub-2154	n/a	n/a
sub-2155	n/a	n/a
sub-2156	n/a	n/a
sub-2157	n/a	n/a
sub-2158	n/a	n/a
sub-2159	n/a	n/a
sub-2160	n/a	n/a
sub-2161	n/a	n/a
sub-2162	n/a	n/a
sub-2163	n/a	n/a
sub-2164	n/a	n/a
sub-2165	n/a	n/a
sub-2166	n/a	n/a
sub-2167	n/a	n/a
sub-2168	n/a	n/a
sub-2169	n/a	n/a
sub-2170	n/a	n/a
sub-2171	n/a	n/a
sub-2172	n/a	n/a
sub-2173	n/a	n/a
sub-2174	n/a	n/a
sub-2175	n/a	n/a
sub-2176	n/a	n/a
sub-2177	n/a	n/a
sub-2178	n/a	n/a
sub-2179	n/a	n/a
sub-2180	n/a	n/a
sub-2181	n/a	n/a
sub-2182	n/a	n/a
sub-2183	n/a	n/a
sub-2184	n/a	n/a
sub-2185	n/a	n/a
sub-2186	n/a	n/a
sub-2187	n/a	n/a
sub-2188	n/a	n/a
sub-2189	n/a	n/a
sub-2190	n/a	n/a
sub-2191	n/a	n/a
sub-2192	n/a	n/a
sub-2193	n/a	n/a
sub-2194	n/a	n/a
sub-2195	n/a	n/a
sub-2196	n/a	n/a
sub-2197	n/a	n/a
sub-2198	n/a	n/a
sub-2199	n/a	n/a
sub-2200	n/a	n/a
sub-2201	n/a	n/a
sub-2202	n/a	n/a
sub-2203	n/a	n/a
sub-2204	n/a	n/a
sub-2205	n/a	n/a
sub-2206	n/a	n/a
sub-2207	n/a	n/a
sub-2208	n/a	n/a
sub-2209	n/a	n/a
sub-2210	n/a	n/a
sub-2211	n/a	n/a
sub-2212	n/a	n/a
sub-2213	n/a	n/a
sub-2214	n/a	n/a
sub-2215	n/a	n/a
sub-2216	n/a	n/a
sub-2217	n/a	n/a
sub-2218	n/a	n/a
sub-2219	n/a	n/a
sub-2220	n/a	n/a
sub-2221	n/a	n/a
sub-2222	n/a	n/a
sub-2223	n/a	n/a
sub-2224	n/a	n/a
sub-2225	n/a	n/a
sub-2226	n/a	n/a
sub-2227	n/a	n/a
sub-2228	n/a	n/a
sub-2229	n/a	n/a
sub-2230	n/a	n/a
sub-2231	n/a	n/a
sub-2232	n/a	n/a
sub-2233	n/a	n/a
sub-2234	n/a	n/a
sub-2235	n/a	n/a
sub-2236	n/a	n/a
sub-2237	n/a	n/a
sub-2238	n/a	n/a
sub-2239	n/a	n/a
sub-2240	n/a	n/a
sub-2241	n/a	n/a
sub-2242	n/a	n/a
sub-2243	n/a	n/a
sub-2244	n/a	n/a
sub-2245	n/a	n/a
sub-2246	n/a	n/a
sub-2247	n/a	n/a
sub-2248	n/a	n/a
sub-2249	n/a	n/a
sub-2250	n/a	n/a
sub-2251	n/a	n/a
sub-2252	n/a	n/a
sub-2253	n/a	n/a
sub-2254	n/a	n/a
sub-2255	n/a	n/a
sub-2256	n/a	n/a
sub-2257	n/a	n/a
sub-2258	n/a	n/a
sub-2259	n/a	n/a
sub-2260	n/a	n/a
sub-2261	n/a	n/a
sub-2262	n/a	n/a
sub-2263	n/a	n/a
sub-2264	n/a	n/a
sub-2265	n/a	n/a
sub-2266	n/a	n/a
sub-2267	n/a	n/a
sub-2268	n/a	n/a
sub-2269	n/a	n/a
sub-2270	n/a	n/a
sub-2271	n/a	n/a
sub-2272	n/a	n/a
sub-2273	n/a	n/a
sub-2274	n/a	n/a
sub-2275	n/a	n/a
sub-2276	n/a	n/a
sub-2277	n/a	n/a
sub-2278	n/a	n/a
sub-2279	n/a	n/a
sub-2280	n/a	n/a
sub-2281	n/a	n/a
sub-2282	n/a	n/a
sub-2283	n/a	n/a
sub-2284	n/a	n/a
sub-2285	n/a	n/a
sub-2286	n/a	n/a
sub-2287	n/a	n/a
sub-2288	n/a	n/a
sub-2289	n/a	n/a
sub-2290	n/a	n/a
sub-2291	n/a	n/a
sub-2292	n/a	n/a
sub-2293	n/a	n/a
sub-2294	n/a	n/a
sub-2295	n/a	n/a
sub-2296	n/a	n/a
sub-2297	n/a	n/a
sub-2298	n/a	n/a
sub-2299	n/a	n/a
sub-2300	n/a	n/a
sub-2301	n/a	n/a
sub-2302	n/a	n/a
sub-2303	n/a	n/a
sub-2304	n/a	n/a
sub-2305	n/a	n/a
sub-2306	n/a	n/a
sub-2307	n/a	n/a
sub-2308	n/a	n/a
sub-2309	n/a	n/a
sub-2310	n/a	n/a
sub-2311	n/a	n/a
sub-2312	n/a	n/a
sub-2313	n/a	n/a
sub-2314	n/a	n/a
sub-2315	n/a	n/a
sub-2316	n/a	n/a
sub-2317	n/a	n/a
sub-2318	n/a	n/a
sub-2319	n/a	n/a
sub-2320	n/a	n/a
sub-2321	n/a	n/a
sub-2322	n/a	n/a
sub-2323	n/a	n/a
sub-2324	n/a	n/a
sub-2325	n/a	n/a
sub-2326	n/a	n/a
sub-2327	n/a	n/a
sub-2328	n/a	n/a
sub-2329	n/a	n/a
sub-2330	n/a	n/a
sub-2331	n/a	n/a
sub-2332	n/a	n/a
sub-2333	n/a	n/a
sub-2334	n/a	n/a
sub-2335	n/a	n/a
sub-2336	n/a	n/a
sub-2337	n/a	n/a
sub-2338	n/a	n/a
sub-2339	n/a	n/a
sub-2340	n/a	n/a
sub-2341	n/a	n/a
sub-2342	n/a	n/a
sub-2343	n/a	n/a
sub-2344	n/a	n/a
sub-2345	n/a	n/a
sub-2346	n/a	n/a
sub-2347	n/a	n/a
sub-2348	n/a	n/a
sub-2349	n/a	n/a
sub-2350	n/a	n/a
sub-2351	n/a	n/a
sub-2352	n/a	n/a
sub-2353	n/a	n/a
sub-2354	n/a	n/a
sub-2355	n/a	n/a
sub-2356	n/a	n/a
sub-2357	n/a	n/a
sub-2358	n/a	n/a
sub-2359	n/a	n/a
sub-2360	n/a	n/a
sub-2361	n/a	n/a
sub-2362	n/a	n/a
sub-2363	n/a	n/a
sub-2364	n/a	n/a
sub-2365	n/a	n/a
sub-2366	n/a	n/a
sub-2367	n/a	n/a
sub-2368	n/a	n/a
sub-2369	n/a	n/a
sub-2370	n/a	n/a
sub-2371	n/a	n/a
sub-2372	n/a	n/a
sub-2373	n/a	n/a
sub-2374	n/a	n/a
sub-2375	n/a	n/a
sub-2376	n/a	n/a
sub-2377	n/a	n/a
sub-2378	n/a	n/a
sub-2379	n/a	n/a
sub-2380	n/a	n/a
sub-2381	n/a	n/a
sub-2382	n/a	n/a
sub-2383	n/a	n/a
sub-2384	n/a	n/a
sub-2385	n/a	n/a
sub-2386	n/a	n/a
sub-2387	n/a	n/a
sub-2388	n/a	n/a
sub-2389	n/a	n/a
sub-2390	n/a	n/a
sub-2391	n/a	n/a
sub-2392	n/a	n/a
sub-2393	n/a	n/a
sub-2394	n/a	n/a
sub-2395	n/a	n/a
sub-2396	n/a	n/a
sub-2397	n/a	n/a
sub-2398	n/a	n/a
sub-2399	n/a	n/a
sub-2400	n/a	n/a
sub-2401	n/a	n/a
sub-2402	n/a	n/a
sub-2403	n/a	n/a
sub-2404	n/a	n/a
sub-2405	n/a	n/a
sub-2406	n/a	n/a
sub-2407	n/a	n/a
sub-2408	n/a	n/a
sub-2409	n/a	n/a
sub-2410	n/a	n/a
sub-2411	n/a	n/a
sub-2412	n/a	n/a
sub-2413	n/a	n/a
sub-2414	n/a	n/a
sub-2415	n/a	n/a
sub-2416	n/a	n/a
sub-2417	n/a	n/a
sub-2418	n/a	n/a
sub-2419	n/a	n/a
sub-2420	n/a	n/a
sub-2421	n/a	n/a
sub-2422	n/a	n/a
sub-2423	n/a	n/a
sub-2424	n/a	n/a
sub-2425	n/a	n/a
sub-2426	n/a	n/a
sub-2427	n/a	n/a
sub-2428	n/a	n/a
sub-2429	n/a	n/a
sub-2430	n/a	n/a
sub-2431	n/a	n/a
sub-2432	n/a	n/a
sub-2433	n/a	n/a
sub-2434	n/a	n/a
sub-2435	n/a	n/a
sub-2436	n/a	n/a
sub-2437	n/a	n/a
sub-2438	n/a	n/a
sub-2439	n/a	n/a
sub-2440	n/a	n/a
sub-2441	n/a	n/a
sub-2442	n/a	n/a
sub-2443	n/a	n/a
sub-2444	n/a	n/a
sub-2445	n/a	n/a
sub-2446	n/a	n/a
sub-2447	n/a	n/a
sub-2448	n/a	n/a
sub-2449	n/a	n/a
sub-2450	n/a	n/a
sub-2451	n/a	n/a
sub-2452	n/a	n/a
sub-2453	n/a	n/a
sub-2454	n/a	n/a
sub-2455	n/a	n/a
sub-2456	n/a	n/a
sub-2457	n/a	n/a
sub-2458	n/a	n/a
sub-2459	n/a	n/a
sub-2460	n/a	n/a
sub-2461	n/a	n/a
sub-2462	n/a	n/a
sub-2463	n/a	n/a
sub-2464	n/a	n/a
sub-2465	n/a	n/a
sub-2466	n/a	n/a
sub-2467	n/a	n/a
sub-2468	n/a	n/a
sub-2469	n/a	n/a
sub-2470	n/a	n/a
sub-2471	n/a	n/a
sub-2472	n/a	n/a
sub-2473	n/a	n/a
sub-2474	n/a	n/a
sub-2475	n/a	n/a
sub-2476	n/a	n/a
sub-2477	n/a	n/a
sub-2478	n/a	n/a
sub-2479	n/a	n/a
sub-2480	n/a	n/a
sub-2481	n/a	n/a
sub-2482	n/a	n/a
sub-2483	n/a	n/a
sub-2484	n/a	n/a
sub-2485	n/a	n/a
sub-2486	n/a	n/a
sub-2487	n/a	n/a
sub-2488	n/a	n/a
sub-2489	n/a	n/a
sub-2490	n/a	n/a
sub-2491	n/a	n/a
sub-2492	n/a	n/a
sub-2493	n/a	n/a
sub-2494	n/a	n/a
sub-2495	n/a	n/a
sub-2496	n/a	n/a
sub-2497	n/a	n/a
sub-2498	n/a	n/a
sub-2499	n/a	n/a
sub-2500	n/a	n/a
sub-2501	n/a	n/a
sub-2502	n/a	n/a
sub-2503	n/a	n/a
sub-2504	n/a	n/a
sub-2505	n/a	n/a
sub-2506	n/a	n/a
sub-2507	n/a	n/a
sub-2508	n/a	n/a
sub-2509	n/a	n/a
sub-2510	n/a	n/a
sub-2511	n/a	n/a
sub-2512	n/a	n/a
sub-2513	n/a	n/a
sub-2514	n/a	n/a
sub-2515	n/a	n/a
sub-2516	n/a	n/a
sub-2517	n/a	n/a
sub-2518	n/a	n/a
sub-2519	n/a	n/a
sub-2520	n/a	n/a
sub-2521	n/a	n/a
sub-2522	n/a	n/a
sub-2523	n/a	n/a
sub-2524	n/a	n/a
sub-2525	n/a	n/a
sub-2526	n/a	n/a
sub-2527	n/a	n/a
sub-2528	n/a	n/a
sub-2529	n/a	n/a
sub-2530	n/a	n/a
sub-2531	n/a	n/a
sub-2532	n/a	n/a
sub-2533	n/a	n/a
sub-2534	n/a	n/a
sub-2535	n/a	n/a
sub-2536	n/a	n/a
sub-2537	n/a	n/a
sub-2538	n/a	n/a
sub-2539	n/a	n/a
sub-2540	n/a	n/a
sub-2541	n/a	n/a
sub-2542	n/a	n/a
sub-2543	n/a	n/a
sub-2544	n/a	n/a
sub-2545	n/a	n/a
sub-2546	n/a	n/a
sub-2547	n/a	n/a
sub-2548	n/a	n/a
sub-2549	n/a	n/a
sub-2550	n/a	n/a
sub-2551	n/a	n/a
sub-2552	n/a	n/a
sub-2553	n/a	n/a
sub-2554	n/a	n/a
sub-2555	n/a	n/a
sub-2556	n/a	n/a
sub-2557	n/a	n/a
sub-2558	n/a	n/a
sub-2559	n/a	n/a
sub-2560	n/a	n/a
sub-2561	n/a	n/a
sub-2562	n/a	n/a
sub-2563	n/a	n/a
sub-2564	n/a	n/a
sub-2565	n/a	n/a
sub-2566	n/a	n/a
sub-2567	n/a	n/a
sub-2568	n/a	n/a
sub-2569	n/a	n/a
sub-2570	n/a	n/a
sub-2571	n/a	n/a
sub-2572	n/a	n/a
sub-2573	n/a	n/a
sub-2574	n/a	n/a
sub-2575	n/a	n/a
sub-2576	n/a	n/a
sub-2577	n/a	n/a
sub-2578	n/a	n/a
sub-2579	n/a	n/a
sub-2580	n/a	n/a
sub-2581	n/a	n/a
sub-2582	n/a	n/a
sub-2583	n/a	n/a
sub-2584	n/a	n/a
sub-2585	n/a	n/a
sub-2586	n/a	n/a
sub-2587	n/a	n/a
sub-2588	n/a	n/a
sub-2589	n/a	n/a
sub-2590	n/a	n/a
sub-2591	n/a	n/a
sub-2592	n/a	n/a
sub-2593	n/a	n/a
sub-2594	n/a	n/a
sub-2595	n/a	n/a
sub-2596	n/a	n/a
sub-2597	n/a	n/a
sub-2598	n/a	n/a
sub-2599	n/a	n/a
sub-2600	n/a	n/a
sub-2601	n/a	n/a
sub-2602	n/a	n/a
sub-2603	n/a	n/a
sub-2604	n/a	n/a
sub-2605	n/a	n/a
sub-2606	n/a	n/a
sub-2607	n/a	n/a
sub-2608	n/a	n/a
sub-2609	n/a	n/a
sub-2610	n/a	n/a
sub-2611	n/a	n/a
sub-2612	n/a	n/a
sub-2613	n/a	n/a
sub-2614	n/a	n/a
sub-2615	n/a	n/a
sub-2616	n/a	n/a
sub-2617	n/a	n/a
sub-2618	n/a	n/a
sub-2619	n/a	n/a
sub-2620	n/a	n/a
sub-2621	n/a	n/a
sub-2622	n/a	n/a
sub-2623	n/a	n/a
sub-2624	n/a	n/a
sub-2625	n/a	n/a
sub-2626	n/a	n/a
sub-2627	n/a	n/a
sub-2628	n/a	n/a
sub-2629	n/a	n/a
sub-2630	n/a	n/a
sub-2631	n/a	n/a
sub-2632	n/a	n/a
sub-2633	n/a	n/a
sub-2634	n/a	n/a
sub-2635	n/a	n/a
sub-2636	n/a	n/a
sub-2637	n/a	n/a
sub-2638	n/a	n/a
sub-2639	n/a	n/a
sub-2640	n/a	n/a
sub-2641	n/a	n/a
sub-2642	n/a	n/a
sub-2643	n/a	n/a
sub-2644	n/a	n/a
sub-2645	n/a	n/a
sub-2646	n/a	n/a
sub-2647	n/a	n/a
sub-2648	n/a	n/a
sub-2649	n/a	n/a
sub-2650	n/a	n/a
sub-2651	n/a	n/a
sub-2652	n/a	n/a
sub-2653	n/a	n/a
sub-2654	n/a	n/a
sub-2655	n/a	n/a
sub-2656	n/a	n/a
sub-2657	n/a	n/a
sub-2658	n/a	n/a
sub-2659	n/a	n/a
sub-2660	n/a	n/a
sub-2661	n/a	n/a
sub-2662	n/a	n/a
sub-2663	n/a	n/a
sub-2664	n/a	n/a
sub-2665	n/a	n/a
sub-2666	n/a	n/a
sub-2667	n/a	n/a
sub-2668	n/a	n/a
sub-2669	n/a	n/a
sub-2670	n/a	n/a
sub-2671	n/a	n/a
sub-2672	n/a	n/a
sub-2673	n/a	n/a
sub-2674	n/a	n/a
sub-2675	n/a	n/a
sub-2676	n/a	n/a
sub-2677	n/a	n/a
sub-2678	n/a	n/a
sub-2679	n/a	n/a
sub-2680	n/a	n/a
sub-2681	n/a	n/a
sub-2682	n/a	n/a
sub-2683	n/a	n/a
sub-2684	n/a	n/a
sub-2685	n/a	n/a
sub-2686	n/a	n/a
sub-2687	n/a	n/a
sub-2688	n/a	n/a
sub-2689	n/a	n/a
sub-2690	n/a	n/a
sub-2691	n/a	n/a
sub-2692	n/a	n/a
sub-2693	n/a	n/a
sub-2694	n/a	n/a
sub-2695	n/a	n/a
sub-2696	n/a	n/a
sub-2697	n/a	n/a
sub-2698	n/a	n/a
sub-2699	n/a	n/a
sub-2700	n/a	n/a
sub-2701	n/a	n/a
sub-2702	n/a	n/a
sub-2703	n/a	n/a
sub-2704	n/a	n/a
sub-2705	n/a	n/a
sub-2706	n/a	n/a
sub-2707	n/a	n/a
sub-2708	n/a	n/a
sub-2709	n/a	n/a
sub-2710	n/a	n/a
sub-2711	n/a	n/a
sub-2712	n/a	n/a
sub-2713	n/a	n/a
sub-2714	n/a	n/a
sub-2715	n/a	n/a
sub-2716	n/a	n/a
sub-2717	n/a	n/a
sub-2718	n/a	n/a
sub-2719	n/a	n/a
sub-2720	n/a	n/a
sub-2721	n/a	n/a
sub-2722	n/a	n/a
sub-2723	n/a	n/a
sub-2724	n/a	n/a
sub-2725	n/a	n/a
sub-2726	n/a	n/a
sub-2727	n/a	n/a
sub-2728	n/a	n/a
sub-2729	n/a	n/a
sub-2730	n/a	n/a
sub-2731	n/a	n/a
sub-2732	n/a	n/a
sub-2733	n/a	n/a
sub-2734	n/a	n/a
sub-2735	n/a	n/a
sub-2736	n/a	n/a
sub-2737	n/a	n/a
sub-2738	n/a	n/a
sub-2739	n/a	n/a
sub-2740	n/a	n/a
sub-2741	n/a	n/a
sub-2742	n/a	n/a
sub-2743	n/a	n/a
sub-2744	n/a	n/a
sub-2745	n/a	n/a
sub-2746	n/a	n/a
sub-2747	n/a	n/a
sub-2748	n/a	n/a
sub-2749	n/a	n/a
sub-2750	n/a	n/a
sub-2751	n/a	n/a
sub-2752	n/a	n/a
sub-2753	n/a	n/a
sub-2754	n/a	n/a
sub-2755	n/a	n/a
sub-2756	n/a	n/a
sub-2757	n/a	n/a
sub-2758	n/a	n/a
sub-2759	n/a	n/a
sub-2760	n/a	n/a
sub-2761	n/a	n/a
sub-2762	n/a	n/a
sub-2763	n/a	n/a
sub-2764	n/a	n/a
sub-2765	n/a	n/a
sub-2766	n/a	n/a
sub-2767	n/a	n/a
sub-2768	n/a	n/a
sub-2769	n/a	n/a
sub-2770	n/a	n/a
sub-2771	n/a	n/a
sub-2772	n/a	n/a
sub-2773	n/a	n/a
sub-2774	n/a	n/a
sub-2775	n/a	n/a
sub-2776	n/a	n/a
sub-2777	n/a	n/a
sub-2778	n/a	n/a
sub-2779	n/a	n/a
sub-2780	n/a	n/a
sub-2781	n/a	n/a
sub-2782	n/a	n/a
sub-2783	n/a	n/a
sub-2784	n/a	n/a
sub-2785	n/a	n/a
sub-2786	n/a	n/a
sub-2787	n/a	n/a
sub-2788	n/a	n/a
sub-2789	n/a	n/a
sub-2790	n/a	n/a
sub-2791	n/a	n/a
sub-2792	n/a	n/a
sub-2793	n/a	n/a
sub-2794	n/a	n/a
sub-2795	n/a	n/a
sub-2796	n/a	n/a
sub-2797	n/a	n/a
sub-2798	n/a	n/a
sub-2799	n/a	n/a
sub-2800	n/a	n/a
sub-2801	n/a	n/a
sub-2802	n/a	n/a
sub-2803	n/a	n/a
sub-2804	n/a	n/a
sub-2805	n/a	n/a
sub-2806	n/a	n/a
sub-2807	n/a	n/a
sub-2808	n/a	n/a
sub-2809	n/a	n/a
sub-2810	n/a	n/a
sub-2811	n/a	n/a
sub-2812	n/a	n/a
sub-2813	n/a	n/a
sub-2814	n/a	n/a
sub-2815	n/a	n/a
sub-2816	n/a	n/a
sub-2817	n/a	n/a
sub-2818	n/a	n/a
sub-2819	n/a	n/a
sub-2820	n/a	n/a
sub-2821	n/a	n/a
sub-2822	n/a	n/a
sub-2823	n/a	n/a
sub-2824	n/a	n/a
sub-2825	n/a	n/a
sub-2826	n/a	n/a
sub-2827	n/a	n/a
sub-2828	n/a	n/a
sub-2829	n/a	n/a
sub-2830	n/a	n/a
sub-2831	n/a	n/a
sub-2832	n/a	n/a
sub-2833	n/a	n/a
sub-2834	n/a	n/a
sub-2835	n/a	n/a
sub-2836	n/a	n/a
sub-2837	n/a	n/a
sub-2838	n/a	n/a
sub-2839	n/a	n/a
sub-2840	n/a	n/a
sub-2841	n/a	n/a
sub-2842	n/a	n/a
sub-2843	n/a	n/a
sub-2844	n/a	n/a
sub-2845	n/a	n/a
sub-2846	n/a	n/a
sub-2847	n/a	n/a
sub-2848	n/a	n/a
sub-2849	n/a	n/a
sub-2850	n/a	n/a
sub-2851	n/a	n/a
sub-2852	n/a	n/a
sub-2853	n/a	n/a
sub-2854	n/a	n/a
sub-2855	n/a	n/a
sub-2856	n/a	n/a
sub-2857	n/a	n/a
sub-2858	n/a	n/a
sub-2859	n/a	n/a
sub-2860	n/a	n/a
sub-2861	n/a	n/a
sub-2862	n/a	n/a
sub-2863	n/a	n/a
sub-2864	n/a	n/a
sub-2865	n/a	n/a
sub-2866	n/a	n/a
sub-2867	n/a	n/a
sub-2868	n/a	n/a
sub-2869	n/a	n/a
sub-2870	n/a	n/a
sub-2871	n/a	n/a
sub-2872	n/a	n/a
sub-2873	n/a	n/a
sub-2874	n/a	n/a
sub-2875	n/a	n/a
sub-2876	n/a	n/a
sub-2877	n/a	n/a
sub-2878	n/a	n/a
sub-2879	n/a	n/a
sub-2880	n/a	n/a
sub-2881	n/a	n/a
sub-2882	n/a	n/a
sub-2883	n/a	n/a
sub-2884	n/a	n/a
sub-2885	n/a	n/a
sub-2886	n/a	n/a
sub-2887	n/a	n/a
sub-2888	n/a	n/a
sub-2889	n/a	n/a
sub-2890	n/a	n/a
sub-2891	n/a	n/a
sub-2892	n/a	n/a
sub-2893	n/a	n/a
sub-2894	n/a	n/a
sub-2895	n/a	n/a
sub-2896	n/a	n/a
sub-2897	n/a	n/a
sub-2898	n/a	n/a
sub-2899	n/a	n/a
sub-2900	n/a	n/a
sub-2901	n/a	n/a
sub-2902	n/a	n/a
sub-2903	n/a	n/a
sub-2904	n/a	n/a
sub-2905	n/a	n/a
sub-2906	n/a	n/a
sub-2907	n/a	n/a
sub-2908	n/a	n/a
sub-2909	n/a	n/a
sub-2910	n/a	n/a
sub-2911	n/a	n/a
sub-2912	n/a	n/a
sub-2913	n/a	n/a
sub-2914	n/a	n/a
sub-2915	n/a	n/a
sub-2916	n/a	n/a
sub-2917	n/a	n/a
sub-2918	n/a	n/a
sub-2919	n/a	n/a
sub-2920	n/a	n/a
sub-2921	n/a	n/a
sub-2922	n/a	n/a
sub-2923	n/a	n/a
sub-2924	n/a	n/a
sub-2925	n/a	n/a
sub-2926	n/a	n/a
sub-2927	n/a	n/a
sub-2928	n/a	n/a
sub-2929	n/a	n/a
sub-2930	n/a	n/a
sub-2931	n/a	n/a
sub-2932	n/a	n/a
sub-2933	n/a	n/a
sub-2934	n/a	n/a
sub-2935	n/a	n/a
sub-2936	n/a	n/a
sub-2937	n/a	n/a
sub-2938	n/a	n/a
sub-2939	n/a	n/a
sub-2940	n/a	n/a
sub-2941	n/a	n/a
sub-2942	n/a	n/a
sub-2943	n/a	n/a
sub-2944	n/a	n/a
sub-2945	n/a	n/a
sub-2946	n/a	n/a
sub-2947	n/a	n/a
sub-2948	n/a	n/a
sub-2949	n/a	n/a
sub-2950	n/a	n/a
sub-2951	n/a	n/a
sub-2952	n/a	n/a
sub-2953	n/a	n/a
sub-2954	n/a	n/a
sub-2955	n/a	n/a
sub-2956	n/a	n/a
sub-2957	n/a	n/a
sub-2958	n/a	n/a
sub-2959	n/a	n/a
sub-2960	n/a	n/a
sub-2961	n/a	n/a
sub-2962	n/a	n/a
sub-2963	n/a	n/a
sub-2964	n/a	n/a
sub-2965	n/a	n/a
sub-2966	n/a	n/a
sub-2967	n/a	n/a
sub-2968	n/a	n/a
sub-2969	n/a	n/a
sub-2970	n/a	n/a
sub-2971	n/a	n/a
sub-2972	n/a	n/a
sub-2973	n/a	n/a
sub-2974	n/a	n/a
sub-2975	n/a	n/a
sub-2976	n/a	n/a
sub-2977	n/a	n/a
sub-2978	n/a	n/a
sub-2979	n/a	n/a
sub-2980	n/a	n/a
sub-2981	n/a	n/a
sub-2982	n/a	n/a
sub-2983	n/a	n/a
sub-2984	n/a	n/a
sub-2985	n/a	n/a
sub-2986	n/a	n/a
sub-2987	n/a	n/a
sub-2988	n/a	n/a
sub-2989	n/a	n/a
sub-2990	n/a	n/a
sub-2991	n/a	n/a
sub-2992	n/a	n/a
sub-2993	n/a	n/a
sub-2994	n/a	n/a
sub-2995	n/a	n/a
sub-2996	n/a	n/a
sub-2997	n/a	n/a
sub-2998	n/a	n/a
sub-2999	n/a	n/a
sub-3000	n/a	n/a
sub-3001	n/a	n/a
sub-3002	n/a	n/a
sub-3003	n/a	n/a
sub-3004	n/a	n/a
sub-3005	n/a	n/a
sub-3006	n/a	n/a
sub-3007	n/a	n/a
sub-3008	n/a	n/a
sub-3009	n/a	n/a
sub-3010	n/a	n/a
sub-3011	n/a	n/a
sub-3012	n/a	n/a
sub-3013	n/a	n/a
sub-3014	n/a	n/a
sub-3015	n/a	n/a
sub-3016	n/a	n/a
sub-3017	n/a	n/a
sub-3018	n/a	n/a
sub-3019	n/a	n/a
sub-3020	n/a	n/a
sub-3021	n/a	n/a
sub-3022	n/a	n/a
sub-3023	n/a	n/a
sub-3024	n/a	n/a
sub-3025	n/a	n/a
sub-3026	n/a	n/a
sub-3027	n/a	n/a
sub-3028	n/a	n/a
sub-3029	n/a	n/a
sub-3030	n/a	n/a
sub-3031	n/a	n/a
sub-3032	n/a	n/a
sub-3033	n/a	n/a
sub-3034	n/a	n/a
sub-3035	n/a	n/a
sub-3036	n/a	n/a
sub-3037	n/a	n/a
sub-3038	n/a	n/a
sub-3039	n/a	n/a
sub-3040	n/a	n/a
sub-3041	n/a	n/a
sub-3042	n/a	n/a
sub-3043	n/a	n/a
sub-3044	n/a	n/a
sub-3045	n/a	n/a
sub-3046	n/a	n/a
sub-3047	n/a	n/a
sub-3048	n/a	n/a
sub-3049	n/a	n/a
sub-3050	n/a	n/a
sub-3051	n/a	n/a
sub-3052	n/a	n/a
sub-3053	n/a	n/a
sub-3054	n/a	n/a
sub-3055	n/a	n/a
sub-3056	n/a	n/a
sub-3057	n/a	n/a
sub-3058	n/a	n/a
sub-3059	n/a	n/a
sub-3060	n/a	n/a
sub-3061	n/a	n/a
sub-3062	n/a	n/a
sub-3063	n/a	n/a
sub-3064	n/a	n/a
sub-3065	n/a	n/a
sub-3066	n/a	n/a
sub-3067	n/a	n/a
sub-3068	n/a	n/a
sub-3069	n/a	n/a
sub-3070	n/a	n/a
sub-3071	n/a	n/a
sub-3072	n/a	n/a
sub-3073	n/a	n/a
sub-3074	n/a	n/a
sub-3075	n/a	n/a
sub-3076	n/a	n/a
sub-3077	n/a	n/a
sub-3078	n/a	n/a
sub-3079	n/a	n/a
sub-3080	n/a	n/a
sub-3081	n/a	n/a
sub-3082	n/a	n/a
sub-3083	n/a	n/a
sub-3084	n/a	n/a
sub-3085	n/a	n/a
sub-3086	n/a	n/a
sub-3087	n/a	n/a
sub-3088	n/a	n/a
sub-3089	n/a	n/a
sub-3090	n/a	n/a
sub-3091	n/a	n/a
sub-3092	n/a	n/a
sub-3093	n/a	n/a
sub-3094	n/a	n/a
sub-3095	n/a	n/a
sub-3096	n/a	n/a
sub-3097	n/a	n/a
sub-3098	n/a	n/a
sub-3099	n/a	n/a
sub-3100	n/a	n/a
sub-3101	n/a	n/a
sub-3102	n/a	n/a
sub-3103	n/a	n/a
sub-3104	n/a	n/a
sub-3105	n/a	n/a
sub-3106	n/a	n/a
sub-3107	n/a	n/a
sub-3108	n/a	n/a
sub-3109	n/a	n/a
sub-3110	n/a	n/a
sub-3111	n/a	n/a
sub-3112	n/a	n/a
sub-3113	n/a	n/a
sub-3114	n/a	n/a
sub-3115	n/a	n/a
sub-3116	n/a	n/a
sub-3117	n/a	n/a
sub-3118	n/a	n/a
sub-3119	n/a	n/a
sub-3120	n/a	n/a
sub-3121	n/a	n/a
sub-3122	n/a	n/a
sub-3123	n/a	n/a
sub-3124	n/a	n/a
sub-3125	n/a	n/a
sub-3126	n/a	n/a
sub-3127	n/a	n/a
sub-3128	n/a	n/a
sub-3129	n/a	n/a
sub-3130	n/a	n/a
sub-3131	n/a	n/a
sub-3132	n/a	n/a
sub-3133	n/a	n/a
sub-3134	n/a	n/a
sub-3135	n/a	n/a
sub-3136	n/a	n/a
sub-3137	n/a	n/a
sub-3138	n/a	n/a
sub-3139	n/a	n/a
sub-3140	n/a	n/a
sub-3141	n/a	n/a
sub-3142	n/a	n/a
sub-3143	n/a	n/a
sub-3144	n/a	n/a
sub-3145	n/a	n/a
sub-3146	n/a	n/a
sub-3147	n/a	n/a
sub-3148	n/a	n/a
sub-3149	n/a	n/a
sub-3150	n/a	n/a
sub-3151	n/a	n/a
sub-3152	n/a	n/a
sub-3153	n/a	n/a
sub-3154	n/a	n/a
sub-3155	n/a	n/a
sub-3156	n/a	n/a
sub-3157	n/a	n/a
sub-3158	n/a	n/a
sub-3159	n/a	n/a
sub-3160	n/a	n/a
sub-3161	n/a	n/a
sub-3162	n/a	n/a
sub-3163	n/a	n/a
sub-3164	n/a	n/a
sub-3165	n/a	n/a
sub-3166	n/a	n/a
sub-3167	n/a	n/a
sub-3168	n/a	n/a
sub-3169	n/a	n/a
sub-3170	n/a	n/a
sub-3171	n/a	n/a
sub-3172	n/a	n/a
sub-3173	n/a	n/a
sub-3174	n/a	n/a
sub-3175	n/a	n/a
sub-3176	n/a	n/a
sub-3177	n/a	n/a
sub-3178	n/a	n/a
sub-3179	n/a	n/a
sub-3180	n/a	n/a
sub-3181	n/a	n/a
sub-3182	n/a	n/a
sub-3183	n/a	n/a
sub-3184	n/a	n/a
sub-3185	n/a	n/a
sub-3186	n/a	n/a
sub-3187	n/a	n/a
sub-3188	n/a	n/a
sub-3189	n/a	n/a
sub-3190	n/a	n/a
sub-3191	n/a	n/a
sub-3192	n/a	n/a
sub-3193	n/a	n/a
sub-3194	n/a	n/a
sub-3195	n/a	n/a
sub-3196	n/a	n/a
sub-3197	n/a	n/a
sub-3198	n/a	n/a
sub-3199	n/a	n/a
sub-3200	n/a	n/a
sub-3201	n/a	n/a
sub-3202	n/a	n/a
sub-3203	n/a	n/a
sub-3204	n/a	n/a
sub-3205	n/a	n/a
sub-3206	n/a	n/a
sub-3207	n/a	n/a
sub-3208	n/a	n/a
sub-3209	n/a	n/a
sub-3210	n/a	n/a
sub-3211	n/a	n/a
sub-3212	n/a	n/a
sub-3213	n/a	n/a
sub-3214	n/a	n/a
sub-3215	n/a	n/a
sub-3216	n/a	n/a
sub-3217	n/a	n/a
sub-3218	n/a	n/a
sub-3219	n/a	n/a
sub-3220	n/a	n/a
sub-3221	n/a	n/a
sub-3222	n/a	n/a
sub-3223	n/a	n/a
sub-3224	n/a	n/a
sub-3225	n/a	n/a
sub-3226	n/a	n/a
sub-3227	n/a	n/a
sub-3228	n/a	n/a
sub-3229	n/a	n/a
sub-3230	n/a	n/a
sub-3231	n/a	n/a
sub-3232	n/a	n/a
sub-3233	n/a	n/a
sub-3234	n/a	n/a
sub-3235	n/a	n/a
sub-3236	n/a	n/a
sub-3237	n/a	n/a
sub-3238	n/a	n/a
sub-3239	n/a	n/a
sub-3240	n/a	n/a
sub-3241	n/a	n/a
sub-3242	n/a	n/a
sub-3243	n/a	n/a
sub-3244	n/a	n/a
sub-3245	n/a	n/a
sub-3246	n/a	n/a
sub-3247	n/a	n/a
sub-3248	n/a	n/a
sub-3249	n/a	n/a
sub-3250	n/a	n/a
sub-3251	n/a	n/a
sub-3252	n/a	n/a
sub-3253	n/a	n/a
sub-3254	n/a	n/a
sub-3255	n/a	n/a
sub-3256	n/a	n/a
sub-3257	n/a	n/a
sub-3258	n/a	n/a
sub-3259	n/a	n/a
sub-3260	n/a	n/a
sub-3261	n/a	n/a
sub-3262	n/a	n/a
sub-3263	n/a	n/a
sub-3264	n/a	n/a
sub-3265	n/a	n/a
sub-3266	n/a	n/a
sub-3267	n/a	n/a
sub-3268	n/a	n/a
sub-3269	n/a	n/a
sub-3270	n/a	n/a
sub-3271	n/a	n/a
sub-3272	n/a	n/a
sub-3273	n/a	n/a
sub-3274	n/a	n/a
sub-3275	n/a	n/a
sub-3276	n/a	n/a
sub-3277	n/a	n/a
sub-3278	n/a	n/a
sub-3279	n/a	n/a
sub-3280	n/a	n/a
sub-3281	n/a	n/a
sub-3282	n/a	n/a
sub-3283	n/a	n/a
sub-3284	n/a	n/a
sub-3285	n/a	n/a
sub-3286	n/a	n/a
sub-3287	n/a	n/a
sub-3288	n/a	n/a
sub-3289	n/a	n/a
sub-3290	n/a	n/a
sub-3291	n/a	n/a
sub-3292	n/a	n/a
sub-3293	n/a	n/a
sub-3294	n/a	n/a
sub-3295	n/a	n/a
sub-3296	n/a	n/a
sub-3297	n/a	n/a
sub-3298	n/a	n/a
sub-3299	n/a	n/a
sub-3300	n/a	n/a
sub-3301	n/a	n/a
sub-3302	n/a	n/a
sub-3303	n/a	n/a
sub-3304	n/a	n/a
sub-3305	n/a	n/a
sub-3306	n/a	n/a
sub-3307	n/a	n/a
sub-3308	n/a	n/a
sub-3309	n/a	n/a
sub-3310	n/a	n/a
sub-3311	n/a	n/a
sub-3312	n/a	n/a
sub-3313	n/a	n/a
sub-3314	n/a	n/a
sub-3315	n/a	n/a
sub-3316	n/a	n/a
sub-3317	n/a	n/a
sub-3318	n/a	n/a
sub-3319	n/a	n/a
sub-3320	n/a	n/a
sub-3321	n/a	n/a
sub-3322	n/a	n/a
sub-3323	n/a	n/a
sub-3324	n/a	n/a
sub-3325	n/a	n/a
sub-3326	n/a	n/a
sub-3327	n/a	n/a
sub-3328	n/a	n/a
sub-3329	n/a	n/a
sub-3330	n/a	n/a
sub-3331	n/a	n/a
sub-3332	n/a	n/a
sub-3333	n/a	n/a
sub-3334	n/a	n/a
sub-3335	n/a	n/a
sub-3336	n/a	n/a
sub-3337	n/a	n/a
sub-3338	n/a	n/a
sub-3339	n/a	n/a
sub-3340	n/a	n/a
sub-3341	n/a	n/a
sub-3342	n/a	n/a
sub-3343	n/a	n/a
sub-3344	n/a	n/a
sub-3345	n/a	n/a
sub-3346	n/a	n/a
sub-3347	n/a	n/a
sub-3348	n/a	n/a
sub-3349	n/a	n/a
sub-3350	n/a	n/a
sub-3351	n/a	n/a
sub-3352	n/a	n/a
sub-3353	n/a	n/a
sub-3354	n/a	n/a
sub-3355	n/a	n/a
sub-3356	n/a	n/a
sub-3357	n/a	n/a
sub-3358	n/a	n/a
sub-3359	n/a	n/a
sub-3360	n/a	n/a
sub-3361	n/a	n/a
sub-3362	n/a	n/a
sub-3363	n/a	n/a
sub-3364	n/a	n/a
sub-3365	n/a	n/a
sub-3366	n/a	n/a
sub-3367	n/a	n/a
sub-3368	n/a	n/a
sub-3369	n/a	n/a
sub-3370	n/a	n/a
sub-3371	n/a	n/a
sub-3372	n/a	n/a
sub-3373	n/a	n/a
sub-3374	n/a	n/a
sub-3375	n/a	n/a
sub-3376	n/a	n/a
sub-3377	n/a	n/a
sub-3378	n/a	n/a
sub-3379	n/a	n/a
sub-3380	n/a	n/a
sub-3381	n/a	n/a
sub-3382	n/a	n/a
sub-3383	n/a	n/a
sub-3384	n/a	n/a
sub-3385	n/a	n/a
sub-3386	n/a	n/a
sub-3387	n/a	n/a
sub-3388	n/a	n/a
sub-3389	n/a	n/a
sub-3390	n/a	n/a
sub-3391	n/a	n/a
sub-3392	n/a	n/a
sub-3393	n/a	n/a
sub-3394	n/a	n/a
sub-3395	n/a	n/a
sub-3396	n/a	n/a
sub-3397	n/a	n/a
sub-3398	n/a	n/a
sub-3399	n/a	n/a
sub-3400	n/a	n/a
sub-3401	n/a	n/a
sub-3402	n/a	n/a
sub-3403	n/a	n/a
sub-3404	n/a	n/a
sub-3405	n/a	n/a
sub-3406	n/a	n/a
sub-3407	n/a	n/a
sub-3408	n/a	n/a
sub-3409	n/a	n/a
sub-3410	n/a	n/a
sub-3411	n/a	n/a
sub-3412	n/a	n/a
sub-3413	n/a	n/a
sub-3414	n/a	n/a
sub-3415	n/a	n/a
sub-3416	n/a	n/a
sub-3417	n/a	n/a
sub-3418	n/a	n/a
sub-3419	n/a	n/a
sub-3420	n/a	n/a
sub-3421	n/a	n/a
sub-3422	n/a	n/a
sub-3423	n/a	n/a
sub-3424	n/a	n/a
sub-3425	n/a	n/a
sub-3426	n/a	n/a
sub-3427	n/a	n/a
sub-3428	n/a	n/a
sub-3429	n/a	n/a
sub-3430	n/a	n/a
sub-3431	n/a	n/a
sub-3432	n/a	n/a
sub-3433	n/a	n/a
sub-3434	n/a	n/a
sub-3435	n/a	n/a
sub-3436	n/a	n/a
sub-3437	n/a	n/a
sub-3438	n/a	n/a
sub-3439	n/a	n/a
sub-3440	n/a	n/a
sub-3441	n/a	n/a
sub-3442	n/a	n/a
sub-3443	n/a	n/a
sub-3444	n/a	n/a
sub-3445	n/a	n/a
sub-3446	n/a	n/a
sub-3447	n/a	n/a
sub-3448	n/a	n/a
sub-3449	n/a	n/a
sub-3450	n/a	n/a
sub-3451	n/a	n/a
sub-3452	n/a	n/a
sub-3453	n/a	n/a
sub-3454	n/a	n/a
sub-3455	n/a	n/a
sub-3456	n/a	n/a
sub-3457	n/a	n/a
sub-3458	n/a	n/a
sub-3459	n/a	n/a
sub-3460	n/a	n/a
sub-3461	n/a	n/a
sub-3462	n/a	n/a
sub-3463	n/a	n/a
sub-3464	n/a	n/a
sub-3465	n/a	n/a
sub-3466	n/a	n/a
sub-3467	n/a	n/a
sub-3468	n/a	n/a
sub-3469	n/a	n/a
sub-3470	n/a	n/a
sub-3471	n/a	n/a
sub-3472	n/a	n/a
sub-3473	n/a	n/a
sub-3474	n/a	n/a
sub-3475	n/a	n/a
sub-3476	n/a	n/a
sub-3477	n/a	n/a
sub-3478	n/a	n/a
sub-3479	n/a	n/a
sub-3480	n/a	n/a
sub-3481	n/a	n/a
sub-3482	n/a	n/a
sub-3483	n/a	n/a
sub-3484	n/a	n/a
sub-3485	n/a	n/a
sub-3486	n/a	n/a
sub-3487	n/a	n/a
sub-3488	n/a	n/a
sub-3489	n/a	n/a
sub-3490	n/a	n/a
sub-3491	n/a	n/a
sub-3492	n/a	n/a
sub-3493	n/a	n/a
sub-3494	n/a	n/a
sub-3495	n/a	n/a
sub-3496	n/a	n/a
sub-3497	n/a	n/a
sub-3498	n/a	n/a
sub-3499	n/a	n/a
sub-3500	n/a	n/a
sub-3501	n/a	n/a
sub-3502	n/a	n/a
sub-3503	n/a	n/a
sub-3504	n/a	n/a
sub-3505	n/a	n/a
sub-3506	n/a	n/a
sub-3507	n/a	n/a
